cluster,recency_mean,recency_min,recency_max,frequency_mean,frequency_min,frequency_max,monetary_mean,monetary_min,monetary_max,Qtd
Empresa - Ativo Recente,49.0,0,213,210.84615384615384,69,389,83867.20000000001,63374.33,129975.48,13
Empresa - Dormindo,532.5714285714286,306,746,338.0,100,714,86741.50142857143,61899.42,107178.88,7
Empresa - Super Ativo,11.333333333333334,1,34,659.6666666666666,433,933,155158.38,133072.71,193058.02,6
Empresa - VIP Consistente,126.0,0,217,1089.3333333333333,1022,1203,347971.3466666667,280698.56,454229.01,3
Pessoa - Dormindo,950.5924562812277,775,1186,1.4691738044254103,1,21,238.34840538008567,4.19,4400.94,89664
Pessoa - Potencial,142.9771911566532,0,502,3.071695419551962,1,22,507.2568804120135,5.0,3809.98,149898
Pessoa - Quase dormindo,576.7674386844367,359,874,1.9291928759067793,1,22,337.5858664513693,5.0,3946.68,124479
Pessoa - Super Vip,159.4765625,0,1180,25.057291666666668,1,437,3830.507425347222,333.66,58158.68,11520
